{
    "current_work": {
        "camera_matrix": [
            [
                5207.989431293806,
                0.0,
                2110.6408650891085
            ],
            [
                0.0,
                5239.857464232737,
                1077.6693708128018
            ],
            [
                0.0,
                0.0,
                1.0
            ]
        ],
        "dist_coeff": [
            [
                0.6526939780370927
            ],
            [
                -16.666505323569012
            ],
            [
                2.5811942673616742e-05
            ],
            [
                0.0018794641043527167
            ],
            [
                -30.190274988491087
            ],
            [
                0.811595015122535
            ],
            [
                -17.604072666621406
            ],
            [
                -28.403818480216835
            ],
            [
                0.0
            ],
            [
                0.0
            ],
            [
                0.0
            ],
            [
                0.0
            ],
            [
                0.0
            ],
            [
                0.0
            ]
        ]
    },
    "test_project": {
        "images": "/home/iat/Documents/BA_Oleksandr/objectify/node-red/projects/board_4x4_freehand",
        "calibrated": true,
        "camera_matrix": [
            [
                5207.989431293806,
                0.0,
                2110.6408650891085
            ],
            [
                0.0,
                5239.857464232737,
                1077.6693708128018
            ],
            [
                0.0,
                0.0,
                1.0
            ]
        ],
        "dist_coeff": [
            [
                0.6526939780370927
            ],
            [
                -16.666505323569012
            ],
            [
                2.5811942673616742e-05
            ],
            [
                0.0018794641043527167
            ],
            [
                -30.190274988491087
            ],
            [
                0.811595015122535
            ],
            [
                -17.604072666621406
            ],
            [
                -28.403818480216835
            ],
            [
                0.0
            ],
            [
                0.0
            ],
            [
                0.0
            ],
            [
                0.0
            ],
            [
                0.0
            ],
            [
                0.0
            ]
        ],
        "transforms_path": "/home/iat/Documents/BA_Oleksandr/objectify/node-red/projects/bfrog_4x4/transforms_centered.json"
    }
}